-- Seed an initial admin user
INSERT INTO users (id, username, email, password_hash, role) 
VALUES ('11111111-1111-1111-1111-111111111111', 'gopher_master', 'master@goverse.dev', 'hash', 'admin')
ON CONFLICT DO NOTHING;

-- Seed user profile
INSERT INTO user_profiles (user_id, avatar_url, bio, github_handle, daily_streak, total_score)
VALUES ('11111111-1111-1111-1111-111111111111', 'https://github.com/golang.png', 'Senior Gopher', 'golang', 14, 1337)
ON CONFLICT DO NOTHING;

-- Seed some courses
INSERT INTO courses (id, slug, title, description, difficulty) VALUES 
('22222222-2222-2222-2222-222222222222', 'go-fundamentals', 'Go Fundamentals', 'Learn the basics of Go.', 'beginner'),
('33333333-3333-3333-3333-333333333333', 'go-concurrency', 'Mastering Concurrency', 'Deep dive into Goroutines and Channels.', 'advanced')
ON CONFLICT DO NOTHING;

-- Seed some lessons

INSERT INTO lessons (id, course_id, slug, title, content, order_index) VALUES
('10000000-0000-0000-0000-000000000001', '22222222-2222-2222-2222-222222222222', '001-introduction-to-go', 'Introduction to Go', 'See markdown file', 1),
('10000000-0000-0000-0000-000000000002', '22222222-2222-2222-2222-222222222222', '002-why-go-history-philosophy', 'Why Go? History & Philosophy', 'See markdown file', 2),
('10000000-0000-0000-0000-000000000003', '22222222-2222-2222-2222-222222222222', '003-installing-go', 'Installing Go', 'See markdown file', 3),
('10000000-0000-0000-0000-000000000004', '22222222-2222-2222-2222-222222222222', '004-go-workspace-modules', 'Go Workspace & Modules', 'See markdown file', 4),
('10000000-0000-0000-0000-000000000005', '22222222-2222-2222-2222-222222222222', '005-your-first-go-program', 'Your First Go Program', 'See markdown file', 5),
('10000000-0000-0000-0000-000000000006', '22222222-2222-2222-2222-222222222222', '006-program-structure', 'Program Structure', 'See markdown file', 6),
('10000000-0000-0000-0000-000000000007', '22222222-2222-2222-2222-222222222222', '007-packages-imports', 'Packages & Imports', 'See markdown file', 7),
('10000000-0000-0000-0000-000000000008', '22222222-2222-2222-2222-222222222222', '008-variables', 'Variables', 'See markdown file', 8),
('10000000-0000-0000-0000-000000000009', '22222222-2222-2222-2222-222222222222', '009-constants', 'Constants', 'See markdown file', 9),
('10000000-0000-0000-0000-000000000010', '22222222-2222-2222-2222-222222222222', '010-data-types', 'Data Types', 'See markdown file', 10),
('10000000-0000-0000-0000-000000000011', '22222222-2222-2222-2222-222222222222', '011-operators', 'Operators', 'See markdown file', 11),
('10000000-0000-0000-0000-000000000012', '22222222-2222-2222-2222-222222222222', '012-type-conversion', 'Type Conversion', 'See markdown file', 12),
('10000000-0000-0000-0000-000000000013', '22222222-2222-2222-2222-222222222222', '013-user-input', 'User Input', 'See markdown file', 13),
('10000000-0000-0000-0000-000000000014', '22222222-2222-2222-2222-222222222222', '014-output-formatting', 'Output Formatting', 'See markdown file', 14),
('10000000-0000-0000-0000-000000000015', '22222222-2222-2222-2222-222222222222', '015-comments-documentation', 'Comments & Documentation', 'See markdown file', 15),
('10000000-0000-0000-0000-000000000016', '22222222-2222-2222-2222-222222222222', '016-if-statement', 'if Statement', 'See markdown file', 16),
('10000000-0000-0000-0000-000000000017', '22222222-2222-2222-2222-222222222222', '017-switch-statement', 'switch Statement', 'See markdown file', 17),
('10000000-0000-0000-0000-000000000018', '22222222-2222-2222-2222-222222222222', '018-for-loop', 'for Loop', 'See markdown file', 18),
('10000000-0000-0000-0000-000000000019', '22222222-2222-2222-2222-222222222222', '019-break', 'break', 'See markdown file', 19),
('10000000-0000-0000-0000-000000000020', '22222222-2222-2222-2222-222222222222', '020-continue', 'continue', 'See markdown file', 20),
('10000000-0000-0000-0000-000000000021', '22222222-2222-2222-2222-222222222222', '021-goto-when-not-to-use', 'goto (when not to use)', 'See markdown file', 21),
('10000000-0000-0000-0000-000000000022', '22222222-2222-2222-2222-222222222222', '022-labels', 'Labels', 'See markdown file', 22),
('10000000-0000-0000-0000-000000000023', '22222222-2222-2222-2222-222222222222', '023-functions', 'Functions', 'See markdown file', 23),
('10000000-0000-0000-0000-000000000024', '22222222-2222-2222-2222-222222222222', '024-parameters', 'Parameters', 'See markdown file', 24),
('10000000-0000-0000-0000-000000000025', '22222222-2222-2222-2222-222222222222', '025-multiple-return-values', 'Multiple Return Values', 'See markdown file', 25),
('10000000-0000-0000-0000-000000000026', '22222222-2222-2222-2222-222222222222', '026-named-return-values', 'Named Return Values', 'See markdown file', 26),
('10000000-0000-0000-0000-000000000027', '22222222-2222-2222-2222-222222222222', '027-variadic-functions', 'Variadic Functions', 'See markdown file', 27),
('10000000-0000-0000-0000-000000000028', '22222222-2222-2222-2222-222222222222', '028-anonymous-functions', 'Anonymous Functions', 'See markdown file', 28),
('10000000-0000-0000-0000-000000000029', '22222222-2222-2222-2222-222222222222', '029-closures', 'Closures', 'See markdown file', 29),
('10000000-0000-0000-0000-000000000030', '22222222-2222-2222-2222-222222222222', '030-recursion', 'Recursion', 'See markdown file', 30),
('10000000-0000-0000-0000-000000000031', '22222222-2222-2222-2222-222222222222', '031-arrays', 'Arrays', 'See markdown file', 31),
('10000000-0000-0000-0000-000000000032', '22222222-2222-2222-2222-222222222222', '032-slices', 'Slices', 'See markdown file', 32),
('10000000-0000-0000-0000-000000000033', '22222222-2222-2222-2222-222222222222', '033-slice-internals', 'Slice Internals', 'See markdown file', 33),
('10000000-0000-0000-0000-000000000034', '22222222-2222-2222-2222-222222222222', '034-append', 'append()', 'See markdown file', 34),
('10000000-0000-0000-0000-000000000035', '22222222-2222-2222-2222-222222222222', '035-copy', 'copy()', 'See markdown file', 35),
('10000000-0000-0000-0000-000000000036', '22222222-2222-2222-2222-222222222222', '036-maps', 'Maps', 'See markdown file', 36),
('10000000-0000-0000-0000-000000000037', '22222222-2222-2222-2222-222222222222', '037-map-internals', 'Map Internals', 'See markdown file', 37),
('10000000-0000-0000-0000-000000000038', '22222222-2222-2222-2222-222222222222', '038-strings-runes', 'Strings & Runes', 'See markdown file', 38),
('10000000-0000-0000-0000-000000000039', '22222222-2222-2222-2222-222222222222', '039-structs', 'Structs', 'See markdown file', 39),
('10000000-0000-0000-0000-000000000040', '22222222-2222-2222-2222-222222222222', '040-anonymous-structs', 'Anonymous Structs', 'See markdown file', 40),
('10000000-0000-0000-0000-000000000041', '22222222-2222-2222-2222-222222222222', '041-nested-structs', 'Nested Structs', 'See markdown file', 41),
('10000000-0000-0000-0000-000000000042', '22222222-2222-2222-2222-222222222222', '042-methods', 'Methods', 'See markdown file', 42),
('10000000-0000-0000-0000-000000000043', '22222222-2222-2222-2222-222222222222', '043-value-vs-pointer-receivers', 'Value vs Pointer Receivers', 'See markdown file', 43),
('10000000-0000-0000-0000-000000000044', '22222222-2222-2222-2222-222222222222', '044-composition', 'Composition', 'See markdown file', 44),
('10000000-0000-0000-0000-000000000045', '22222222-2222-2222-2222-222222222222', '045-embedding', 'Embedding', 'See markdown file', 45),
('10000000-0000-0000-0000-000000000046', '22222222-2222-2222-2222-222222222222', '046-pointers', 'Pointers', 'See markdown file', 46),
('10000000-0000-0000-0000-000000000047', '22222222-2222-2222-2222-222222222222', '047-pointer-receivers', 'Pointer Receivers', 'See markdown file', 47),
('10000000-0000-0000-0000-000000000048', '22222222-2222-2222-2222-222222222222', '048-memory-layout', 'Memory Layout', 'See markdown file', 48),
('10000000-0000-0000-0000-000000000049', '22222222-2222-2222-2222-222222222222', '049-escape-analysis-basics', 'Escape Analysis Basics', 'See markdown file', 49),
('10000000-0000-0000-0000-000000000050', '22222222-2222-2222-2222-222222222222', '050-interfaces', 'Interfaces', 'See markdown file', 50),
('10000000-0000-0000-0000-000000000051', '22222222-2222-2222-2222-222222222222', '051-implicit-implementation', 'Implicit Implementation', 'See markdown file', 51),
('10000000-0000-0000-0000-000000000052', '22222222-2222-2222-2222-222222222222', '052-empty-interface', 'Empty Interface', 'See markdown file', 52),
('10000000-0000-0000-0000-000000000053', '22222222-2222-2222-2222-222222222222', '053-type-assertions', 'Type Assertions', 'See markdown file', 53),
('10000000-0000-0000-0000-000000000054', '22222222-2222-2222-2222-222222222222', '054-type-switch', 'Type Switch', 'See markdown file', 54),
('10000000-0000-0000-0000-000000000055', '22222222-2222-2222-2222-222222222222', '055-interface-composition', 'Interface Composition', 'See markdown file', 55),
('10000000-0000-0000-0000-000000000056', '22222222-2222-2222-2222-222222222222', '056-practical-interfaces', 'Practical Interfaces', 'See markdown file', 56),
('10000000-0000-0000-0000-000000000057', '22222222-2222-2222-2222-222222222222', '057-dependency-injection', 'Dependency Injection', 'See markdown file', 57),
('10000000-0000-0000-0000-000000000058', '22222222-2222-2222-2222-222222222222', '058-best-practices', 'Best Practices', 'See markdown file', 58),
('10000000-0000-0000-0000-000000000059', '22222222-2222-2222-2222-222222222222', '059-errors', 'Errors', 'See markdown file', 59),
('10000000-0000-0000-0000-000000000060', '22222222-2222-2222-2222-222222222222', '060-custom-errors', 'Custom Errors', 'See markdown file', 60),
('10000000-0000-0000-0000-000000000061', '22222222-2222-2222-2222-222222222222', '061-wrapping-errors', 'Wrapping Errors', 'See markdown file', 61),
('10000000-0000-0000-0000-000000000062', '22222222-2222-2222-2222-222222222222', '062-panic', 'panic', 'See markdown file', 62),
('10000000-0000-0000-0000-000000000063', '22222222-2222-2222-2222-222222222222', '063-defer', 'defer', 'See markdown file', 63),
('10000000-0000-0000-0000-000000000064', '22222222-2222-2222-2222-222222222222', '064-recover', 'recover', 'See markdown file', 64),
('10000000-0000-0000-0000-000000000065', '22222222-2222-2222-2222-222222222222', '065-introduction-to-concurrency', 'Introduction to Concurrency', 'See markdown file', 65),
('10000000-0000-0000-0000-000000000066', '22222222-2222-2222-2222-222222222222', '066-goroutines', 'Goroutines', 'See markdown file', 66),
('10000000-0000-0000-0000-000000000067', '22222222-2222-2222-2222-222222222222', '067-waitgroup', 'WaitGroup', 'See markdown file', 67),
('10000000-0000-0000-0000-000000000068', '22222222-2222-2222-2222-222222222222', '068-channels', 'Channels', 'See markdown file', 68),
('10000000-0000-0000-0000-000000000069', '22222222-2222-2222-2222-222222222222', '069-buffered-channels', 'Buffered Channels', 'See markdown file', 69),
('10000000-0000-0000-0000-000000000070', '22222222-2222-2222-2222-222222222222', '070-unbuffered-channels', 'Unbuffered Channels', 'See markdown file', 70),
('10000000-0000-0000-0000-000000000071', '22222222-2222-2222-2222-222222222222', '071-channel-directions', 'Channel Directions', 'See markdown file', 71),
('10000000-0000-0000-0000-000000000072', '22222222-2222-2222-2222-222222222222', '072-closing-channels', 'Closing Channels', 'See markdown file', 72),
('10000000-0000-0000-0000-000000000073', '22222222-2222-2222-2222-222222222222', '073-range-over-channels', 'Range over Channels', 'See markdown file', 73),
('10000000-0000-0000-0000-000000000074', '22222222-2222-2222-2222-222222222222', '074-select-statement', 'Select Statement', 'See markdown file', 74),
('10000000-0000-0000-0000-000000000075', '22222222-2222-2222-2222-222222222222', '075-context', 'Context', 'See markdown file', 75),
('10000000-0000-0000-0000-000000000076', '22222222-2222-2222-2222-222222222222', '076-mutex', 'Mutex', 'See markdown file', 76),
('10000000-0000-0000-0000-000000000077', '22222222-2222-2222-2222-222222222222', '077-rwmutex', 'RWMutex', 'See markdown file', 77),
('10000000-0000-0000-0000-000000000078', '22222222-2222-2222-2222-222222222222', '078-atomic-operations', 'Atomic Operations', 'See markdown file', 78),
('10000000-0000-0000-0000-000000000079', '22222222-2222-2222-2222-222222222222', '079-worker-pool-pattern', 'Worker Pool Pattern', 'See markdown file', 79),
('10000000-0000-0000-0000-000000000080', '22222222-2222-2222-2222-222222222222', '080-pipeline-pattern', 'Pipeline Pattern', 'See markdown file', 80),
('10000000-0000-0000-0000-000000000081', '22222222-2222-2222-2222-222222222222', '081-fmt', 'fmt', 'See markdown file', 81),
('10000000-0000-0000-0000-000000000082', '22222222-2222-2222-2222-222222222222', '082-strings', 'strings', 'See markdown file', 82),
('10000000-0000-0000-0000-000000000083', '22222222-2222-2222-2222-222222222222', '083-strconv', 'strconv', 'See markdown file', 83),
('10000000-0000-0000-0000-000000000084', '22222222-2222-2222-2222-222222222222', '084-bytes', 'bytes', 'See markdown file', 84),
('10000000-0000-0000-0000-000000000085', '22222222-2222-2222-2222-222222222222', '085-time', 'time', 'See markdown file', 85),
('10000000-0000-0000-0000-000000000086', '22222222-2222-2222-2222-222222222222', '086-os', 'os', 'See markdown file', 86),
('10000000-0000-0000-0000-000000000087', '22222222-2222-2222-2222-222222222222', '087-io', 'io', 'See markdown file', 87),
('10000000-0000-0000-0000-000000000088', '22222222-2222-2222-2222-222222222222', '088-filepath', 'filepath', 'See markdown file', 88),
('10000000-0000-0000-0000-000000000089', '22222222-2222-2222-2222-222222222222', '089-reading-files', 'Reading Files', 'See markdown file', 89),
('10000000-0000-0000-0000-000000000090', '22222222-2222-2222-2222-222222222222', '090-writing-files', 'Writing Files', 'See markdown file', 90),
('10000000-0000-0000-0000-000000000091', '22222222-2222-2222-2222-222222222222', '091-json', 'JSON', 'See markdown file', 91),
('10000000-0000-0000-0000-000000000092', '22222222-2222-2222-2222-222222222222', '092-csv', 'CSV', 'See markdown file', 92),
('10000000-0000-0000-0000-000000000093', '22222222-2222-2222-2222-222222222222', '093-http-client', 'HTTP Client', 'See markdown file', 93),
('10000000-0000-0000-0000-000000000094', '22222222-2222-2222-2222-222222222222', '094-http-server', 'HTTP Server', 'See markdown file', 94),
('10000000-0000-0000-0000-000000000095', '22222222-2222-2222-2222-222222222222', '095-rest-api-basics', 'REST API Basics', 'See markdown file', 95),
('10000000-0000-0000-0000-000000000096', '22222222-2222-2222-2222-222222222222', '096-middleware', 'Middleware', 'See markdown file', 96),
('10000000-0000-0000-0000-000000000097', '22222222-2222-2222-2222-222222222222', '097-unit-testing', 'Unit Testing', 'See markdown file', 97),
('10000000-0000-0000-0000-000000000098', '22222222-2222-2222-2222-222222222222', '098-benchmarking', 'Benchmarking', 'See markdown file', 98),
('10000000-0000-0000-0000-000000000099', '22222222-2222-2222-2222-222222222222', '099-profiling', 'Profiling', 'See markdown file', 99),
('10000000-0000-0000-0000-000000000100', '22222222-2222-2222-2222-222222222222', '100-production-best-practices', 'Production Best Practices', 'See markdown file', 100),
('10000000-0000-0000-0000-000000000101', '22222222-2222-2222-2222-222222222222', '101-project-structure', 'Project Structure', 'See markdown file', 101),
('10000000-0000-0000-0000-000000000102', '22222222-2222-2222-2222-222222222222', '102-logging', 'Logging', 'See markdown file', 102),
('10000000-0000-0000-0000-000000000103', '22222222-2222-2222-2222-222222222222', '103-configuration', 'Configuration', 'See markdown file', 103),
('10000000-0000-0000-0000-000000000104', '22222222-2222-2222-2222-222222222222', '104-dependency-injection', 'Dependency Injection', 'See markdown file', 104),
('10000000-0000-0000-0000-000000000105', '22222222-2222-2222-2222-222222222222', '105-graceful-shutdown', 'Graceful Shutdown', 'See markdown file', 105),
('10000000-0000-0000-0000-000000000106', '22222222-2222-2222-2222-222222222222', '106-docker', 'Docker', 'See markdown file', 106),
('10000000-0000-0000-0000-000000000107', '22222222-2222-2222-2222-222222222222', '107-cicd', 'CI/CD', 'See markdown file', 107),
('10000000-0000-0000-0000-000000000108', '22222222-2222-2222-2222-222222222222', '108-observability', 'Observability', 'See markdown file', 108),
('10000000-0000-0000-0000-000000000109', '22222222-2222-2222-2222-222222222222', '109-performance-optimization', 'Performance Optimization', 'See markdown file', 109),
('10000000-0000-0000-0000-000000000110', '22222222-2222-2222-2222-222222222222', '110-deployment', 'Deployment', 'See markdown file', 110)
ON CONFLICT DO NOTHING;
INSERT INTO lessons (id, course_id, slug, title, content, order_index) VALUES
('66666666-6666-6666-6666-666666666666', '33333333-3333-3333-3333-333333333333', 'concurrency', 'Go Concurrency', 'Master Goroutines, Channels, and the Select statement.', 1)
ON CONFLICT DO NOTHING;

-- Seed user progress
INSERT INTO user_progress (user_id, entity_type, entity_id, status, completed_at) VALUES 
('11111111-1111-1111-1111-111111111111', 'course', '22222222-2222-2222-2222-222222222222', 'completed', NOW()),
('11111111-1111-1111-1111-111111111111', 'course', '33333333-3333-3333-3333-333333333333', 'in_progress', NULL),
('11111111-1111-1111-1111-111111111111', 'lesson', '44444444-4444-4444-4444-444444444444', 'completed', NOW())
ON CONFLICT DO NOTHING;

-- Seed Advanced Courses
INSERT INTO courses (id, slug, title, description, difficulty) VALUES
('44444444-4444-4444-4444-444444444444', 'clean-architecture', 'Clean Architecture', 'Learn to build maintainable, scalable, and testable Go applications.', 'advanced'),
('55555555-5555-5555-5555-555555555555', 'backend-development', 'Backend Development', 'Master modern backend APIs and real-time communication.', 'intermediate'),
('66666666-6666-6666-6666-666666666666', 'database', 'Database Engineering', 'Deep dive into PostgreSQL, transactions, and optimizations.', 'advanced'),
('77777777-7777-7777-7777-777777777777', 'microservices', 'Microservices', 'Design, build, and scale distributed service architectures.', 'expert'),
('88888888-8888-8888-8888-888888888888', 'cloud-devops', 'Cloud & DevOps', 'Deploy and manage Go applications in the cloud.', 'advanced'),
('99999999-9999-9999-9999-999999999999', 'observability', 'Observability', 'Monitor, trace, and debug production Go systems.', 'advanced'),
('aaaaaaaa-aaaa-aaaa-aaaa-aaaaaaaaaaaa', 'performance-engineering', 'Performance Engineering', 'Optimize Go applications for high throughput and low latency.', 'expert'),
('bbbbbbbb-bbbb-bbbb-bbbb-bbbbbbbbbbbb', 'system-design', 'System Design', 'Architect massive scale systems for Google-level interviews.', 'expert')
ON CONFLICT DO NOTHING;

-- Seed Advanced Lessons
INSERT INTO lessons (id, course_id, slug, title, content, order_index) VALUES
('20000000-0000-0000-0000-000000000001', '44444444-4444-4444-4444-444444444444', '001-layered-architecture', 'Layered Architecture', 'See markdown file', 1),
('20000000-0000-0000-0000-000000000002', '44444444-4444-4444-4444-444444444444', '002-repository-pattern', 'Repository Pattern', 'See markdown file', 2),
('20000000-0000-0000-0000-000000000003', '44444444-4444-4444-4444-444444444444', '003-service-layer', 'Service Layer', 'See markdown file', 3),
('20000000-0000-0000-0000-000000000004', '44444444-4444-4444-4444-444444444444', '004-dependency-injection', 'Dependency Injection', 'See markdown file', 4),
('20000000-0000-0000-0000-000000000005', '44444444-4444-4444-4444-444444444444', '005-ddd-basics', 'DDD Basics', 'See markdown file', 5),
('20000000-0000-0000-0000-000000000006', '55555555-5555-5555-5555-555555555555', '001-rest-apis', 'REST APIs', 'See markdown file', 1),
('20000000-0000-0000-0000-000000000007', '55555555-5555-5555-5555-555555555555', '002-jwt-authentication', 'JWT Authentication', 'See markdown file', 2),
('20000000-0000-0000-0000-000000000008', '55555555-5555-5555-5555-555555555555', '003-oauth2', 'OAuth2', 'See markdown file', 3),
('20000000-0000-0000-0000-000000000009', '55555555-5555-5555-5555-555555555555', '004-grpc', 'gRPC', 'See markdown file', 4),
('20000000-0000-0000-0000-000000000010', '55555555-5555-5555-5555-555555555555', '005-graphql', 'GraphQL', 'See markdown file', 5),
('20000000-0000-0000-0000-000000000011', '55555555-5555-5555-5555-555555555555', '006-websockets', 'WebSockets', 'See markdown file', 6),
('20000000-0000-0000-0000-000000000012', '55555555-5555-5555-5555-555555555555', '007-server-sent-events', 'Server-Sent Events', 'See markdown file', 7),
('20000000-0000-0000-0000-000000000013', '66666666-6666-6666-6666-666666666666', '001-postgresql', 'PostgreSQL', 'See markdown file', 1),
('20000000-0000-0000-0000-000000000014', '66666666-6666-6666-6666-666666666666', '002-transactions', 'Transactions', 'See markdown file', 2),
('20000000-0000-0000-0000-000000000015', '66666666-6666-6666-6666-666666666666', '003-indexes', 'Indexes', 'See markdown file', 3),
('20000000-0000-0000-0000-000000000016', '66666666-6666-6666-6666-666666666666', '004-connection-pooling', 'Connection Pooling', 'See markdown file', 4),
('20000000-0000-0000-0000-000000000017', '66666666-6666-6666-6666-666666666666', '005-migrations', 'Migrations', 'See markdown file', 5),
('20000000-0000-0000-0000-000000000018', '66666666-6666-6666-6666-666666666666', '006-query-optimization', 'Query Optimization', 'See markdown file', 6),
('20000000-0000-0000-0000-000000000019', '77777777-7777-7777-7777-777777777777', '001-service-discovery', 'Service Discovery', 'See markdown file', 1),
('20000000-0000-0000-0000-000000000020', '77777777-7777-7777-7777-777777777777', '002-api-gateway', 'API Gateway', 'See markdown file', 2),
('20000000-0000-0000-0000-000000000021', '77777777-7777-7777-7777-777777777777', '003-kafka', 'Kafka', 'See markdown file', 3),
('20000000-0000-0000-0000-000000000022', '77777777-7777-7777-7777-777777777777', '004-rabbitmq', 'RabbitMQ', 'See markdown file', 4),
('20000000-0000-0000-0000-000000000023', '77777777-7777-7777-7777-777777777777', '005-redis', 'Redis', 'See markdown file', 5),
('20000000-0000-0000-0000-000000000024', '77777777-7777-7777-7777-777777777777', '006-event-driven-architecture', 'Event-Driven Architecture', 'See markdown file', 6),
('20000000-0000-0000-0000-000000000025', '77777777-7777-7777-7777-777777777777', '007-saga-pattern', 'Saga Pattern', 'See markdown file', 7),
('20000000-0000-0000-0000-000000000026', '77777777-7777-7777-7777-777777777777', '008-cqrs', 'CQRS', 'See markdown file', 8),
('20000000-0000-0000-0000-000000000027', '77777777-7777-7777-7777-777777777777', '009-outbox-pattern', 'Outbox Pattern', 'See markdown file', 9),
('20000000-0000-0000-0000-000000000028', '88888888-8888-8888-8888-888888888888', '001-docker', 'Docker', 'See markdown file', 1),
('20000000-0000-0000-0000-000000000029', '88888888-8888-8888-8888-888888888888', '002-docker-compose', 'Docker Compose', 'See markdown file', 2),
('20000000-0000-0000-0000-000000000030', '88888888-8888-8888-8888-888888888888', '003-kubernetes', 'Kubernetes', 'See markdown file', 3),
('20000000-0000-0000-0000-000000000031', '88888888-8888-8888-8888-888888888888', '004-helm', 'Helm', 'See markdown file', 4),
('20000000-0000-0000-0000-000000000032', '88888888-8888-8888-8888-888888888888', '005-github-actions', 'GitHub Actions', 'See markdown file', 5),
('20000000-0000-0000-0000-000000000033', '88888888-8888-8888-8888-888888888888', '006-terraform', 'Terraform', 'See markdown file', 6),
('20000000-0000-0000-0000-000000000034', '88888888-8888-8888-8888-888888888888', '007-cloud-run', 'Cloud Run', 'See markdown file', 7),
('20000000-0000-0000-0000-000000000035', '88888888-8888-8888-8888-888888888888', '008-gke', 'GKE', 'See markdown file', 8),
('20000000-0000-0000-0000-000000000036', '99999999-9999-9999-9999-999999999999', '001-prometheus', 'Prometheus', 'See markdown file', 1),
('20000000-0000-0000-0000-000000000037', '99999999-9999-9999-9999-999999999999', '002-grafana', 'Grafana', 'See markdown file', 2),
('20000000-0000-0000-0000-000000000038', '99999999-9999-9999-9999-999999999999', '003-opentelemetry', 'OpenTelemetry', 'See markdown file', 3),
('20000000-0000-0000-0000-000000000039', '99999999-9999-9999-9999-999999999999', '004-structured-logging', 'Structured Logging', 'See markdown file', 4),
('20000000-0000-0000-0000-000000000040', '99999999-9999-9999-9999-999999999999', '005-distributed-tracing', 'Distributed Tracing', 'See markdown file', 5),
('20000000-0000-0000-0000-000000000041', '99999999-9999-9999-9999-999999999999', '006-metrics', 'Metrics', 'See markdown file', 6),
('20000000-0000-0000-0000-000000000042', 'aaaaaaaa-aaaa-aaaa-aaaa-aaaaaaaaaaaa', '001-pprof', 'pprof', 'See markdown file', 1),
('20000000-0000-0000-0000-000000000043', 'aaaaaaaa-aaaa-aaaa-aaaa-aaaaaaaaaaaa', '002-memory-optimization', 'Memory Optimization', 'See markdown file', 2),
('20000000-0000-0000-0000-000000000044', 'aaaaaaaa-aaaa-aaaa-aaaa-aaaaaaaaaaaa', '003-escape-analysis', 'Escape Analysis', 'See markdown file', 3),
('20000000-0000-0000-0000-000000000045', 'aaaaaaaa-aaaa-aaaa-aaaa-aaaaaaaaaaaa', '004-scheduler', 'Scheduler', 'See markdown file', 4),
('20000000-0000-0000-0000-000000000046', 'aaaaaaaa-aaaa-aaaa-aaaa-aaaaaaaaaaaa', '005-garbage-collector', 'Garbage Collector', 'See markdown file', 5),
('20000000-0000-0000-0000-000000000047', 'aaaaaaaa-aaaa-aaaa-aaaa-aaaaaaaaaaaa', '006-benchmarking', 'Benchmarking', 'See markdown file', 6),
('20000000-0000-0000-0000-000000000048', 'bbbbbbbb-bbbb-bbbb-bbbb-bbbbbbbbbbbb', '001-url-shortener', 'URL Shortener', 'See markdown file', 1),
('20000000-0000-0000-0000-000000000049', 'bbbbbbbb-bbbb-bbbb-bbbb-bbbbbbbbbbbb', '002-chat-system', 'Chat System', 'See markdown file', 2),
('20000000-0000-0000-0000-000000000050', 'bbbbbbbb-bbbb-bbbb-bbbb-bbbbbbbbbbbb', '003-notification-service', 'Notification Service', 'See markdown file', 3),
('20000000-0000-0000-0000-000000000051', 'bbbbbbbb-bbbb-bbbb-bbbb-bbbbbbbbbbbb', '004-search-engine', 'Search Engine', 'See markdown file', 4),
('20000000-0000-0000-0000-000000000052', 'bbbbbbbb-bbbb-bbbb-bbbb-bbbbbbbbbbbb', '005-rate-limiter', 'Rate Limiter', 'See markdown file', 5),
('20000000-0000-0000-0000-000000000053', 'bbbbbbbb-bbbb-bbbb-bbbb-bbbbbbbbbbbb', '006-distributed-cache', 'Distributed Cache', 'See markdown file', 6),
('20000000-0000-0000-0000-000000000054', 'bbbbbbbb-bbbb-bbbb-bbbb-bbbbbbbbbbbb', '007-load-balancer', 'Load Balancer', 'See markdown file', 7),
('20000000-0000-0000-0000-000000000055', 'bbbbbbbb-bbbb-bbbb-bbbb-bbbbbbbbbbbb', '008-api-gateway', 'API Gateway', 'See markdown file', 8)
ON CONFLICT DO NOTHING;
